{
  "redirects": [
    { "source": "/vecchio-link", "destination": "/nuovo-link", "permanent": true },
    { "source": "/recensioni/:path*", "destination": "/", "permanent": false }
  ],
  "headers": [
    {
      "source": "/(.*)",
      "headers": [
        { "key": "X-Frame-Options", "value": "DENY" },
        { "key": "X-Content-Type-Options", "value": "nosniff" },
        { "key": "Referrer-Policy", "value": "no-referrer-when-downgrade" },
        { "key": "Cache-Control", "value": "public, max-age=31536000" }
      ]
    }
  ]
}
